id_proyecto,codigo_proyecto,titulo,director,area,investigadores,estado,periodo,presupuesto_aprobado
101,PID-2024-67,Inteligencia Artificial en Simulador,14,Ingeniería y Automatización,6,Aprobado,2022 - 2027,435146
102,PID-2023-65,Educación de Materiales en Energía,1,Energía y Ambiente,2,En Desarrollo,2025 - 2027,1546559
103,PID-2026-27,Datos de Materiales en Procesos,7,Ingeniería y Automatización,5,En Desarrollo,2026 - 2025,374032
104,PID-2024-65,Gestión de Simulador en Hardware,5,Ciencias Aplicadas,2,Aprobado,2025 - 2026,1345719
105,PID-2026-19,Hardware de Energía en Datos,14,Ciencias Aplicadas,6,En Desarrollo,2023 - 2028,1426581
106,PID-2024-95,Energía de Energía en Análisis,3,Ingeniería y Automatización,2,En Desarrollo,2025 - 2028,1781759
107,PID-2024-39,Datos de Datos en Educación,3,Energía y Ambiente,4,Activo,2022 - 2026,439169
108,PID-2025-54,Educación de Procesos en Materiales,6,Tecnologías de la Información,6,Finalizado,2026 - 2025,427279
109,PID-2023-63,Redes de Materiales en Simulador,2,Desarrollo Tecnológico,4,Finalizado,2025 - 2025,1124504
110,PID-2024-30,Simulador de Software en Optimización,3,Ingeniería y Automatización,3,Aprobado,2022 - 2027,848110
111,PID-2025-56,Software de Procesos en Redes,13,Desarrollo Tecnológico,2,En Desarrollo,2024 - 2028,1142220
112,PID-2024-66,Análisis de Hardware en Hardware,11,Ciencias Aplicadas,5,Finalizado,2025 - 2026,1869240
113,PID-2024-12,Sustentabilidad de Materiales en Software,10,Desarrollo Tecnológico,3,Finalizado,2025 - 2025,1927517
114,PID-2026-12,Hardware de Procesos en Procesos,15,Tecnologías de la Información,3,Aprobado,2026 - 2026,1382573
115,PID-2024-40,Datos de Redes en Hardware,8,Desarrollo Tecnológico,3,Finalizado,2024 - 2027,1739825
116,PID-2026-33,Educación de Inteligencia Artificial en Redes,10,Tecnologías de la Información,2,Finalizado,2022 - 2028,1653092
117,PID-2026-33,Robótica de Sustentabilidad en Procesos,8,Desarrollo Tecnológico,3,Finalizado,2025 - 2028,434867
118,PID-2025-67,Robótica de Software en Sustentabilidad,2,Tecnologías de la Información,6,Activo,2022 - 2027,798369
119,PID-2026-65,Materiales de Optimización en Simulador,9,Ingeniería y Automatización,2,En Desarrollo,2024 - 2026,979859
120,PID-2026-52,Hardware de Análisis en Educación,14,Ciencias Aplicadas,4,Activo,2022 - 2027,1290743
121,PID-2025-94,Optimización de Procesos en Inteligencia Artificial,2,Ciencias Aplicadas,3,Aprobado,2026 - 2025,1294613
122,PID-2023-56,Robótica de Hardware en Procesos,5,Ingeniería y Automatización,6,Aprobado,2026 - 2025,1386089
123,PID-2023-68,Software de Análisis en Simulador,6,Desarrollo Tecnológico,2,Finalizado,2022 - 2025,979100
124,PID-2026-60,Software de Simulador en Inteligencia Artificial,11,Ingeniería y Automatización,5,Activo,2023 - 2027,890949
125,PID-2024-65,Datos de Inteligencia Artificial en Software,2,Energía y Ambiente,2,Activo,2022 - 2025,1649076
126,PID-2025-59,Sustentabilidad de Energía en Hardware,11,Energía y Ambiente,4,En Desarrollo,2023 - 2027,440753
127,PID-2026-84,Gestión de Hardware en Energía,14,Energía y Ambiente,6,En Desarrollo,2025 - 2026,860877
128,PID-2023-99,Datos de Optimización en Simulador,3,Energía y Ambiente,5,Activo,2024 - 2025,996948
129,PID-2024-14,Redes de Simulador en Datos,15,Ingeniería y Automatización,2,Activo,2026 - 2025,1546940
130,PID-2025-48,Análisis de Optimización en Software,3,Desarrollo Tecnológico,6,Aprobado,2023 - 2028,1156991
131,PID-2023-94,Optimización de Optimización en Inteligencia Artificial,15,Ciencias Aplicadas,6,Aprobado,2026 - 2027,1794928
132,PID-2024-55,Energía de Hardware en Optimización,4,Tecnologías de la Información,5,Aprobado,2024 - 2028,935676
133,PID-2024-92,Gestión de Sustentabilidad en Software,3,Ingeniería y Automatización,2,Activo,2023 - 2025,1148647
134,PID-2025-59,Sustentabilidad de Gestión en Simulador,14,Tecnologías de la Información,6,Activo,2023 - 2026,801669
135,PID-2026-78,Redes de Hardware en Materiales,9,Tecnologías de la Información,4,Aprobado,2026 - 2025,1323040